profile_id,profile_name,identity_id,first_name,last_name,nickname,birth_year,email_address,phone_number,street_number,street_name,city,state,country,zip_code
c8eec1aa-0fa0-40f7-b5f3-69ad4b362c57,Alfredo Rose,9538f6a2-c14d-4bff-8ebf-18f6fdd821bb,Alfredo,Rose,Alfredo,1974,alfredorose1974@hotmail.com,4439124756,3559,W Dallas St,San Mateo,Oregon,United States,29118
c8eec1aa-0fa0-40f7-b5f3-69ad4b362c57,Alfredo Rose,24f3d9f2-6097-4a4b-969e-f5a32be9c142,Alfredo,Rose,Alfredo,1974,alfredorose1974@hotmail.com,4439124756,3559,W Dallas St,San Mateo,Oregon,United States,29118
c8eec1aa-0fa0-40f7-b5f3-69ad4b362c57,Alfredo Rose,60890c7e-6a7d-43a3-8069-eddb0edddb2d,Alfredo,Rose,Alfredo,1974,alfredorose1974@hotmail.com,4439124756,3559,W Dallas St,San Mateo,Oregon,United States,29118
68a60761-b700-4120-a692-1d5272fd7e89,Alfredo Rose,46a89a38-4df0-4bc1-9c3d-6e08b717c076,Alfredo,Rosd,Alfredo,1974,alfredorose1974@hotmail.com,4439124756,3559,W Dallas St,San Mateo,Oregon,United States,29118
68a60761-b700-4120-a692-1d5272fd7e89,Alfredo Rose,87b1ecce-f8d9-4cd0-aab0-0b2d338422c1,Alfredo,Rosd,Alfredo,1974,alfredorose1974@hotmail.com,4439124756,3559,W Dallas St,San Mateo,Oregon,United States,29118
68a60761-b700-4120-a692-1d5272fd7e89,Alfredo Rose,850ffa6b-d654-425b-a02f-1b58089eaabe,Alfredo,Rosd,Alfredo,1974,alfredorose1974@hotmail.com,4439124756,3559,W Dallas St,San Mateo,Oregon,United States,29118
f33b2471-0689-448f-8064-0a0c551ca39a,Alfredo Rose,e126d694-9cfe-416b-a102-ec3868b52c79,Alfredo,Rosd,Alfredo,1974,alfredorosd52@yahoo.com,4439124756,3559,W Dallas St,San Mateo,Oregon,United States,29118
f33b2471-0689-448f-8064-0a0c551ca39a,Alfredo Rose,0bb57d69-82db-413f-bc32-d6bd512cbfd5,Alfredo,Rosd,Alfredo,1974,alfredorosd52@yahoo.com,4439124756,3559,W Dallas St,San Mateo,Oregon,United States,29118
019f628e-4229-4765-88db-c1789b83dd53,Maurice Day,361c3771-e636-42aa-bbc3-19d5961dffe2,Maurice,Day,morey,1969,mauriceday1969@yahoo.com,5338079324,7683,Dane St,Naperville,Arkansas,United States,87588
019f628e-4229-4765-88db-c1789b83dd53,Maurice Day,10d9bc81-4277-40a6-b892-554be61ce1e1,Maurice,Day,morey,1969,mauriceday1969@yahoo.com,5338079324,7683,Dane St,Naperville,Arkansas,United States,87588
019f628e-4229-4765-88db-c1789b83dd53,Maurice Day,c9935cb7-1a47-406d-887f-249f651a8369,Maurice,Day,morey,1969,mauriceday1969@yahoo.com,5338079324,7683,Dane St,Naperville,Arkansas,United States,87588
019f628e-4229-4765-88db-c1789b83dd53,Maurice Day,aefe6e88-1c41-4e7f-8a36-c2b57cda79a4,Maurice,Day,morey,1969,mauriceday1969@yahoo.com,5338079324,7683,Dane St,Naperville,Arkansas,United States,87588
019f628e-4229-4765-88db-c1789b83dd53,Maurice Day,f26a3f60-41a6-4462-ab84-035274b1fe78,aMurice,Day,morey,1969,mauriceday1969@yahoo.com,5338079324,7683,Dane St,Naperville,Arkansas,United States,87588
019f628e-4229-4765-88db-c1789b83dd53,Maurice Day,be7dc6ab-f7f1-44c5-b634-2e7cb6d8c78e,aMurice,Day,morey,1969,mauriceday1969@yahoo.com,5338079324,7683,Dane St,Naperville,Arkansas,United States,87588
e0b19a2a-ad7e-4650-9de8-faf1068f5f24,Maurice Day,e0c0b6ec-21ed-4e26-a3fe-062d23e9bbd2,aMurice,Day,morey,1969,mauriceday1969@yahoo.com,5338079324,7683,Dane St,Naperville,Arkansas,United States,87588
e0b19a2a-ad7e-4650-9de8-faf1068f5f24,Maurice Day,ff4fb32f-cdc2-4c8e-857a-014652c26a97,aMurice,Day,morey,1969,mauriceday1969@yahoo.com,5338079324,7683,Dane St,Naperville,Arkansas,United States,87588
e0b19a2a-ad7e-4650-9de8-faf1068f5f24,Maurice Day,5c4e7f64-f47a-46e3-a2ec-40209b280410,aMurice,Day,morey,1969,mauriceday1969@yahoo.com,5338079324,7683,Dane St,Naperville,Arkansas,United States,87588
e0b19a2a-ad7e-4650-9de8-faf1068f5f24,Maurice Day,8c1d74cc-7442-450e-9da3-c1eae3591cf9,aMurice,Day,morey,1969,mauriceday1969@yahoo.com,5338079324,7683,Dane St,Naperville,Arkansas,United States,87588
e0b19a2a-ad7e-4650-9de8-faf1068f5f24,Maurice Day,e722c3d3-f822-4ab2-956e-276cbf39ce7b,aMurice,Day,morey,1969,mauriceday1969@yahoo.com,5338079324,7683,Dane St,Naperville,Arkansas,United States,87588
e0b19a2a-ad7e-4650-9de8-faf1068f5f24,Maurice Day,82112310-c85f-49ae-9106-36db6cd123e7,aMurice,Day,morey,1969,mauriceday1969@yahoo.com,5338079324,7683,Dane St,Naperville,Arkansas,United States,87588
8c99d418-e5ee-489d-a5fe-28533965f7d7,Maurice Day,7e0c8a56-e8e6-43e8-ac1a-b5d1340a857d,aMurice,Day,morey,1969,mauriceday1969@yahoo.com,5338079324,7683,Dane St,Naperville,Arkansas,United States,87588
8c99d418-e5ee-489d-a5fe-28533965f7d7,Maurice Day,bb16b004-18fc-4050-8458-88a7f997fc5f,aMurice,Day,morey,1969,mauriceday1969@yahoo.com,5338079324,7683,Dane St,Naperville,Arkansas,United States,87588
8c99d418-e5ee-489d-a5fe-28533965f7d7,Maurice Day,4cfc4878-bf69-4cb9-aecd-10b5610b52af,aMurice,Day,morey,1969,mauriceday1969@yahoo.com,5338079324,7683,Dane St,Naperville,Arkansas,United States,87588
8c99d418-e5ee-489d-a5fe-28533965f7d7,Maurice Day,ba586264-cfc6-4e0e-9a03-06465777fbc2,aMurice,Day,morey,1969,mauriceday1969@yahoo.com,5338079324,7683,Dane St,Naperville,Arkansas,United States,87588
8c99d418-e5ee-489d-a5fe-28533965f7d7,Maurice Day,9cd34e07-3635-46a4-845d-9b6971e909ba,aMurice,Day,morey,1969,mauriceday1969@yahoo.com,5338079324,7683,Dane St,Naperville,Arkansas,United States,87588
af026719-e217-41ba-abb0-982235322887,Vicki Andrews,1fe4b4df-e755-4df0-82a5-3bdfafd03f58,Vicki,Andrews,vicky,1971,vandrews1971@gmail.com,8314088467,6480,Saddle Dr,Topeka,Hawaii,United States,38077
af026719-e217-41ba-abb0-982235322887,Vicki Andrews,37abafd0-7850-4b89-9338-02d85334cc32,Vicki,Andrews,vicky,1971,vandrews1971@gmail.com,8314088467,6480,Saddle Dr,Topeka,Hawaii,United States,38077
af026719-e217-41ba-abb0-982235322887,Vicki Andrews,3b331ede-19b1-4c3b-bbd1-a01935cc6067,Vicki,Andrews,vicky,1971,vandrews1971@gmail.com,8314088467,6480,Saddle Dr,Topeka,Hawaii,United States,38077
af026719-e217-41ba-abb0-982235322887,Vicki Andrews,be6097f9-3ca6-4127-b0dc-1adb0b6f1851,Vicki,Andrews,vicky,1971,vandrews1971@gmail.com,8314088467,6480,Saddle Dr,Topeka,Hawaii,United States,38077
af026719-e217-41ba-abb0-982235322887,Vicki Andrews,b88a699f-0695-4549-a4c9-62c3904de028,Vicki,Andrews,vicky,1971,vandrews1971@gmail.com,8314088467,6480,Saddle Dr,Topeka,Hawaii,United States,38077
af026719-e217-41ba-abb0-982235322887,Vicki Andrews,ebb79b66-e67e-45d3-97cf-33fc47b2092e,Vicki,Andrews,vicky,1971,vandrews1971@gmail.com,8314088467,6480,Saddle Dr,Topeka,Hawaii,United States,38077
af026719-e217-41ba-abb0-982235322887,Vicki Andrews,5113796a-3e3a-4798-9a9e-8c947522f7c0,Vicki,Andrews,vicky,1971,vandrews1971@gmail.com,8314088467,6480,Saddle Dr,Topeka,Hawaii,United States,38077
af026719-e217-41ba-abb0-982235322887,Vicki Andrews,f7cdfd0f-36fc-437e-94d3-caed1e636105,Vicki,Andrews,vicky,1971,vandrews1971@gmail.com,8314088467,6480,Saddle Dr,Topeka,Hawaii,United States,38077
af026719-e217-41ba-abb0-982235322887,Vicki Andrews,4bb212f0-aae4-47b7-b587-489327fff0c4,Vicki,Andrews,vicky,1971,vandrews1971@gmail.com,8314088467,6480,Saddle Dr,Topeka,Hawaii,United States,38077
af026719-e217-41ba-abb0-982235322887,Vicki Andrews,7cb7fa7b-842f-4caa-854d-ae86b1e73328,Vicki,Andrews,vicky,1971,vandrews1971@gmail.com,8314088467,6480,Saddle Dr,Topeka,Hawaii,United States,38077
af026719-e217-41ba-abb0-982235322887,Vicki Andrews,312bfc14-c065-46d1-a0db-da7f733e5e2e,Vicki,Andrews,vicky,1971,vandrews1971@gmail.com,8314088467,6480,Saddle Dr,Topeka,Hawaii,United States,38077
af026719-e217-41ba-abb0-982235322887,Vicki Andrews,522314b9-ecc3-481e-8c55-e30fc842dafc,Vicki,Andrews,vicky,1971,vandrews1971@gmail.com,8314088467,6480,Saddle Dr,Topeka,Hawaii,United States,38077
af026719-e217-41ba-abb0-982235322887,Vicki Andrews,60529040-244b-40ba-896e-7dd4d972e577,Vicki,Andrews,vicky,1971,vandrews1971@gmail.com,8314088467,6480,Saddle Dr,Topeka,Hawaii,United States,38077
abea4d03-2de8-4b3e-9563-b3b683042cbb,Gary Green,32a908d0-3b18-448f-b8b8-18a9417c9d1f,Gary,Green,Gary,1972,garygreen1972@gmail.com,6853101179,2573,Woodland St,Shiloh,Alaska,United States,72296
abea4d03-2de8-4b3e-9563-b3b683042cbb,Gary Green,b59646b9-1cbc-42bf-ad6e-91e5aa27fba0,Gary,Green,Gary,1972,garygreen1972@gmail.com,6853101179,2573,Woodland St,Shiloh,Alaska,United States,72296
abea4d03-2de8-4b3e-9563-b3b683042cbb,Gary Green,1b46352d-8d9f-4f98-8b0a-4d73a4e31802,Gary,Green,Gary,1972,garygreen1972@gmail.com,6853101179,2573,Woodland St,Shiloh,Alaska,United States,72296
1f7a5b6e-1d66-4e13-a1cb-4abc21f8bf22,Chester Brewer,6622e9fe-d7ff-40f7-a86e-dfab86929c7d,Chester,Brewer,chet,1975,chetbrewer1975@yahoo.com,5035838156,2694,Royal Ln,Waterbury,Colorado,United States,67332
1f7a5b6e-1d66-4e13-a1cb-4abc21f8bf22,Chester Brewer,d4a6ecfd-47b4-4a66-908c-78d5515fed39,Chester,Brewer,chet,1975,chetbrewer1975@yahoo.com,5035838156,2694,Royal Ln,Waterbury,Colorado,United States,67332
1f7a5b6e-1d66-4e13-a1cb-4abc21f8bf22,Chester Brewer,a2662e2f-036c-44ce-a9b7-00ae63580f43,Chester,Brewer,chet,1975,chetbrewer1975@yahoo.com,5035838156,2694,Royal Ln,Waterbury,Colorado,United States,67332
1f7a5b6e-1d66-4e13-a1cb-4abc21f8bf22,Chester Brewer,ab5f84e6-ed0b-4208-97ff-dbc081bd516a,Chester,Brewer,chet,1975,chetbrewer1975@yahoo.com,5035838156,2694,Royal Ln,Waterbury,Colorado,United States,67332
1f7a5b6e-1d66-4e13-a1cb-4abc21f8bf22,Chester Brewer,deb260fb-f3e5-4d86-afd4-a6401c87c1c4,Chester,Brewer,chet,1975,chetbrewer1975@yahoo.com,5035838156,2694,Royal Ln,Waterbury,Colorado,United States,67332
426486be-51b8-4e43-9cc3-f62c848db254,Chester Brewer,48791cb6-9d6c-4a1b-a8da-c7ed35d265e1,Chester,Brewer,chet,1975,chetbrewer1975@yahoocom,5035838156,2694,Royal Ln,Waterbury,Colorado,United States,67332
426486be-51b8-4e43-9cc3-f62c848db254,Chester Brewer,9150ad38-42ba-4a35-8ec1-8552368dae37,Chester,Brewer,chet,1975,chetbrewer1975@yahoocom,5035838156,2694,Royal Ln,Waterbury,Colorado,United States,67332
426486be-51b8-4e43-9cc3-f62c848db254,Chester Brewer,756b3676-bd13-452a-be1a-46f876d99b7f,Chester,Brewer,chet,1975,chetbrewer1975@yahoocom,5035838156,2694,Royal Ln,Waterbury,Colorado,United States,67332
426486be-51b8-4e43-9cc3-f62c848db254,Chester Brewer,0ea6c58e-1f94-403f-86be-6c2e3a7fb4fc,Chester,Brewer,chet,1975,chetbrewer1975@yahoocom,5035838156,2694,Royal Ln,Waterbury,Colorado,United States,67332
4206d44a-0ab3-4ae3-b6b9-245abe31de29,Chester Brewer,9ffbd6d6-457d-4f54-915b-7a26e22d74e4,Chester,Brewer,chet,1975,chetbrewer1975@yjahoocom,5035838156,2694,Royal Ln,Waterbury,Colorado,United States,67332
4206d44a-0ab3-4ae3-b6b9-245abe31de29,Chester Brewer,4500615d-5fac-41e6-ab69-2a6346b06ca1,Chester,Brewer,chet,1975,chetbrewer1975@yjahoocom,5035838156,2694,Royal Ln,Waterbury,Colorado,United States,67332
4206d44a-0ab3-4ae3-b6b9-245abe31de29,Chester Brewer,30135568-9f98-464d-9882-e9d068cf2f7e,Chester,Brewer,chet,1975,chetbrewer1975@yjahoocom,5035838156,2694,Royal Ln,Waterbury,Colorado,United States,67332
22afbb3b-41b3-4478-b471-641c1d43ff91,Rodney Coleman,a5588e5b-60c4-4f03-ae93-18671d54828c,Rodney,Coleman,rod,1998,rodc@gmail.com,7743544575,3722,W Sherman Dr,Coppell,Utah,United States,95246
22afbb3b-41b3-4478-b471-641c1d43ff91,Rodney Coleman,a964d503-9171-440f-8390-f9f6f0e65baa,Rodney,Coleman,rod,1998,rodc@gmail.com,7743544575,3722,W Sherman Dr,Coppell,Utah,United States,95246
22afbb3b-41b3-4478-b471-641c1d43ff91,Rodney Coleman,731eb33c-6393-4171-9fcd-26e5f2f3199c,Rodney,Coleman,rod,1998,rodc@gmail.com,7743544575,3722,W Sherman Dr,Coppell,Utah,United States,95246
22afbb3b-41b3-4478-b471-641c1d43ff91,Rodney Coleman,a2b1f63c-4c51-4e86-aed3-2ed9afa6bf96,Rodney,Coleman,rod,1998,rodc@gmail.com,7743544575,3722,W Sherman Dr,Coppell,Utah,United States,95246
22afbb3b-41b3-4478-b471-641c1d43ff91,Rodney Coleman,61bb9b25-21ea-409d-8d29-93726deded68,Rodney,Coleman,rod,1998,rodc@gmail.com,7743544575,3722,W Sherman Dr,Coppell,Utah,United States,95246
22afbb3b-41b3-4478-b471-641c1d43ff91,Rodney Coleman,da88c12e-86f8-49c6-93cc-6c5d2dfe2994,Rodney,Coleman,rod,1998,rodc@gmail.cm,7743544575,3722,W Sherman Dr,Coppell,Utah,United States,95246
22afbb3b-41b3-4478-b471-641c1d43ff91,Rodney Coleman,7cb32957-9791-49b3-a05c-fbbf1ad99439,Rodney,Coleman,rod,1998,rodc@gmail.cm,7743544575,3722,W Sherman Dr,Coppell,Utah,United States,95246
22afbb3b-41b3-4478-b471-641c1d43ff91,Rodney Coleman,69a414b2-3483-47e0-b26f-51bcb6bd60f0,Rodney,Coleman,rod,1998,rodc@gmail.cm,7743544575,3722,W Sherman Dr,Coppell,Utah,United States,95246
22afbb3b-41b3-4478-b471-641c1d43ff91,Rodney Coleman,ed465823-eebc-4257-adf2-1fe902d1aca4,Rodney,Coleman,rod,1998,rodc@gmail.cm,7743544575,3722,W Sherman Dr,Coppell,Utah,United States,95246
22afbb3b-41b3-4478-b471-641c1d43ff91,Rodney Coleman,b08043ae-7fbd-40a6-a542-c41577458f30,Rodney,Coleman,rod,1998,rodc@gmail.cm,7743544575,3722,W Sherman Dr,Coppell,Utah,United States,95246
602486a3-c6fe-4082-b101-63e2419d4d37,Herman Murray,cecd65e5-d50e-4dcb-9ba0-a1023ae8fa7b,Herman,Murray,harman,1990,harmanmurray58@outlook.com,4555895162,3415,First Street,Frisco,New Hampshire,United States,57126
602486a3-c6fe-4082-b101-63e2419d4d37,Herman Murray,cd32bf6d-425c-4129-9fdf-2a0eef678424,Herman,Murray,harman,1990,harmanmurray58@outlook.com,4555895162,3415,First Street,Frisco,New Hampshire,United States,57126
602486a3-c6fe-4082-b101-63e2419d4d37,Herman Murray,9fdcdfbf-9101-40cf-971f-071a8ebaffa5,Herman,Murray,harman,1990,harmanmurray58@outlook.com,4555895162,3415,First Street,Frisco,New Hampshire,United States,57126
602486a3-c6fe-4082-b101-63e2419d4d37,Herman Murray,5d586c03-7f24-45cc-bb5c-5e65191ebf81,Herman,Murray,harman,1990,harmanmurray58@outlook.com,4555895162,3415,First Street,Frisco,New Hampshire,United States,57126
c9cfaa89-cffb-468c-966a-e136a1f8d056,Herman Murray,728705c7-16f2-4ddc-a9f5-e305c44357ca,Herman,Murray,harman,1990,harmanmurray58@outlook.com,4555895162,3415,First Street,Frisco,New Hampshire,United States,57126
c9cfaa89-cffb-468c-966a-e136a1f8d056,Herman Murray,82f74649-8599-4f04-80a3-ed20549c7860,Herman,Murray,harman,1990,hramanmurray58@outlook.com,4555895162,3415,First Street,Frisco,New Hampshire,United States,57126
c9cfaa89-cffb-468c-966a-e136a1f8d056,Herman Murray,f4ed12b1-f57c-4ec1-96d7-b68e12a0e2cd,Herman,Murray,harman,1990,hramanmurray58@outlook.com,4555895162,3415,First Street,Frisco,New Hampshire,United States,57126
22f42b86-ffe3-4f32-ab11-c53e890913d4,Brandy Howard,55ae924e-89b6-46c6-9d76-b6952f949241,Brandy,Howard,Brandy,1957,brandyh@yahoo.com,8445597332,9610,Eason Rd,El Paso,Ohio,United States,76290
22f42b86-ffe3-4f32-ab11-c53e890913d4,Brandy Howard,89c4f9ca-0e62-4ed6-b2c7-4ceb7992ee22,Brandy,Howard,Brandy,1957,brandyh@yahoo.com,8445597332,9610,Eason Rd,El Paso,Ohio,United States,76290
22f42b86-ffe3-4f32-ab11-c53e890913d4,Brandy Howard,6f127f5e-4873-420b-8476-657c1cc2d158,Brandy,Howard,Brandy,1957,brandyh@yahoo.com,8445597332,9610,Eason Rd,El Paso,Ohio,United States,76290
22f42b86-ffe3-4f32-ab11-c53e890913d4,Brandy Howard,71a66077-9691-4c0b-8f3b-7d70d5e71988,Brandy,Howard,Brandy,1957,brandyh@yahoo.com,8445597332,9610,Eason Rd,El Paso,Ohio,United States,76290
22f42b86-ffe3-4f32-ab11-c53e890913d4,Brandy Howard,5d14b4f8-44c2-4016-9486-fab4e1365e46,Brandy,Howard,Brandy,1957,brandyh@yahoo.com,8445597332,9610,Eason Rd,El Paso,Ohio,United States,76290
1bc68391-e2a0-4559-bc93-e8ba2d8ad29b,Brandy Howard,4534716d-fde2-43ec-b10d-78c5c072ff4a,Brandy,Howard,Brandy,1957,brandyh@yahoo.com,8445597332,9610,Eason Rd,El Paso,Ohio,United States,76290
1bc68391-e2a0-4559-bc93-e8ba2d8ad29b,Brandy Howard,e3e106c7-ba0e-4b8a-95f5-77a70baac512,Brandy,Howard,Brandy,1957,brandyh@yahoo.com,8445597332,9610,Eason Rd,El Paso,Ohio,United States,76290
1bc68391-e2a0-4559-bc93-e8ba2d8ad29b,Brandy Howard,9dbe3f4e-d392-4794-a5c8-760d4b73c64f,Brandy,Howard,Brandy,1957,brandyh@yahoo.com,8445597332,9610,Eason Rd,El Paso,Ohio,United States,76290
1bc68391-e2a0-4559-bc93-e8ba2d8ad29b,Brandy Howard,d974e68e-7534-4a41-b1ae-3e1ef3818025,Brandy,Howard,Brandy,1957,brandyh@yahoo.com,8445597332,9610,Eason Rd,El Paso,Ohio,United States,76290
b919c488-31ad-43d9-aedb-6a8d3e36f1a4,Stanley Oliver,98e91f6f-fedc-4d23-8f02-8a5c11102400,Stanley,Oliver,Stanley,1988,stanleyoliver@outlook.com,4068361711,9822,Thornridge Cir,Helena,Idaho,United States,50614
b919c488-31ad-43d9-aedb-6a8d3e36f1a4,Stanley Oliver,c77a2df3-2f34-43d5-aa70-b0b8ec860030,Stanley,Oliver,Stanley,1988,stanleyoliver@outlook.com,4068361711,922,Thornridge Cir,Helena,Idaho,United States,50614
b919c488-31ad-43d9-aedb-6a8d3e36f1a4,Stanley Oliver,280f6ff1-97d2-4619-9650-0258fa6f7880,Stanley,Oliver,Stanley,1988,stanleyoliver@outlook.com,4068361711,922,Thornridge Cir,Helena,Idaho,United States,50614
b919c488-31ad-43d9-aedb-6a8d3e36f1a4,Stanley Oliver,001506d6-c532-4c02-b45a-480f21b4bdf5,Stanley,Oliver,Stanley,1988,stanleyoliver@outlook.com,4068361711,922,Thornridge Cir,Helena,Idaho,United States,50614
b919c488-31ad-43d9-aedb-6a8d3e36f1a4,Stanley Oliver,0c3bb02d-1285-4c1d-8b9d-55127c903539,Stanley,Oliver,Stanley,1988,stanleyoliver@outlook.com,4068361711,922,Thornridge Cir,Helena,Idaho,United States,50614
b919c488-31ad-43d9-aedb-6a8d3e36f1a4,Stanley Oliver,5233287f-3e35-43a8-aedd-707062b9c103,Stanley,Oliver,Stanley,1988,stanleyoliver@outlook.com,4068361711,922,Thornridge Cir,Helena,Idaho,United States,50614
b919c488-31ad-43d9-aedb-6a8d3e36f1a4,Stanley Oliver,e4ff51cc-9890-431a-b2ff-b347ca379e7f,Stanley,Oliver,Stanley,1988,stanleyoliver@outlook.com,4068361711,922,Thornridge Cir,Helena,Idaho,United States,50614
b919c488-31ad-43d9-aedb-6a8d3e36f1a4,Stanley Oliver,7e206d4d-4fe8-4359-a47d-9c61c2d21f15,Stanley,Oliver,Stanley,1988,stanleyoliver@outlook.com,4068361711,922,Thornridge Cir,Helena,Idaho,United States,50614
